Pos,Ref,SRR3240397,SRR3240398,SRR3240399,SRR3240400,SRR3240401,SRR3240402,SRR3240403,SRR3240404,SRR3240405,SRR3240406,SRR3240407,SRR3240408,SRR3240409,SRR3240410,SRR3240411,SRR3240412,SRR3240413,SRR3240414
112039,C,C,C,C,C,C,C,C,C,C,C,C,C,C,C,A,C,C,C
147706,T,T,C,T,T,T,T,T,T,T,C,C,T,C,T,T,T,T,T
150097,C,C,C,A,C,C,C,C,C,C,C,C,C,C,C,C,C,C,C
172159,A,C,C,C,C,C,C,C,C,C,C,C,C,C,C,C,A,C,C
178091,T,C,C,C,C,C,C,C,C,C,C,C,C,C,C,C,T,C,C
181105,C,C,A,C,C,C,C,C,C,C,A,A,C,A,C,C,C,C,C
284224,G,G,G,G,G,T,G,G,G,T,G,G,G,G,G,G,G,G,T
318047,C,C,C,A,C,C,C,C,C,C,C,C,C,C,C,C,C,C,C
325116,T,T,C,T,T,T,T,T,T,T,C,C,T,C,T,T,T,T,T
350260,G,G,T,G,G,G,G,G,G,G,T,T,G,T,G,G,G,G,G
464825,G,G,A,G,G,G,G,G,G,G,A,A,G,A,G,G,G,G,G
468768,G,G,G,G,G,G,G,G,T,G,G,G,G,G,G,G,G,G,G
553993,C,C,C,C,A,C,C,C,C,C,C,C,C,C,C,C,C,C,C
605878,C,G,C,C,C,C,C,C,C,C,C,C,C,C,C,C,C,C,C
650889,G,G,G,G,G,G,G,G,T,G,G,G,G,G,G,G,G,G,G
787439,C,C,C,C,C,A,C,C,C,C,C,C,C,C,C,C,C,C,C
803987,T,G,G,G,G,G,G,G,G,G,G,G,G,G,G,G,T,G,G
865474,G,G,G,G,G,G,G,G,G,G,G,G,G,T,G,G,G,G,G
869014,G,G,G,G,G,G,A,G,G,G,G,G,G,G,G,G,G,G,G
878457,G,G,G,G,G,G,G,G,G,T,G,G,G,G,G,G,G,G,G
938592,G,G,G,G,G,G,G,G,G,G,G,G,G,G,G,G,G,G,T
998800,G,G,G,G,G,G,G,G,G,G,G,G,G,G,G,T,G,G,G
1023029,G,G,G,G,T,G,G,G,G,G,G,G,G,G,G,G,G,G,G
1067716,C,C,C,C,C,C,C,C,A,C,C,C,C,C,C,C,C,C,C
1102420,A,C,C,C,C,C,C,C,C,C,C,C,C,C,C,C,A,C,C
1144525,G,G,G,G,T,G,T,T,T,G,G,G,T,G,T,G,G,G,G
1316371,G,G,G,G,G,G,G,G,G,G,G,G,G,G,G,T,G,G,G
1382947,C,C,C,C,A,C,C,C,C,C,C,C,C,C,C,C,C,C,C
1414416,G,G,G,G,G,G,G,G,G,G,G,G,G,G,G,T,G,G,G
1439727,T,T,-,T,T,T,T,T,T,T,C,-,T,-,T,T,T,T,T
1442495,C,C,-,C,A,C,A,A,C,C,-,-,A,-,C,C,C,C,C
1447584,C,C,-,C,A,C,A,A,C,C,-,-,A,-,C,C,C,C,C
1477571,C,C,-,C,C,A,C,C,C,C,-,-,C,-,C,C,C,C,C
1478507,C,C,-,C,A,C,A,A,C,C,-,-,A,-,C,C,C,C,C
1502691,T,T,G,T,T,T,T,T,T,T,G,G,T,G,T,T,T,T,T
1522996,C,C,A,C,C,C,C,C,C,C,A,A,C,A,C,C,C,C,C
1550459,G,T,T,T,T,G,T,T,T,G,T,T,T,T,T,T,G,T,G
1607093,T,T,C,T,T,T,T,T,-,T,C,C,T,C,T,T,T,T,T
1607096,C,C,T,C,C,C,C,C,-,C,T,T,C,T,C,C,C,C,C
1607098,G,G,T,G,G,G,G,G,-,G,T,T,G,T,G,G,G,G,G
1607300,A,A,G,A,A,A,A,A,G,A,G,G,A,-,A,A,A,A,A
1607315,A,A,C,A,A,A,A,A,C,A,C,C,A,-,A,A,A,A,A
1607324,T,T,A,T,T,T,T,T,A,T,A,A,T,-,T,T,T,T,T
1607325,G,G,C,G,G,G,G,G,C,G,C,C,G,-,G,G,G,G,G
1607326,C,C,T,C,C,C,C,C,T,C,T,T,C,-,C,C,C,C,C
1607330,C,C,G,C,C,C,C,C,G,C,G,G,C,-,C,C,C,C,C
1607332,A,A,T,A,A,A,A,A,T,A,T,T,A,-,A,A,A,A,A
1607337,G,G,C,G,G,G,G,G,C,G,C,C,G,-,G,G,G,G,G
1607340,G,G,A,G,G,G,G,G,A,G,A,A,G,-,G,G,G,G,G
1607345,G,G,T,G,G,G,G,G,T,G,T,T,G,-,G,G,G,G,G
1607347,C,C,G,C,C,C,C,C,G,C,G,G,C,-,C,C,C,C,C
1607348,C,C,T,C,C,C,C,C,T,C,T,T,C,-,C,C,C,C,C
1607350,A,A,C,A,A,A,A,A,C,A,C,C,A,-,A,A,A,A,A
1607354,G,G,A,G,G,G,G,G,A,G,A,A,G,-,G,G,G,G,G
1607369,T,T,C,T,T,T,T,T,C,T,C,C,T,-,T,T,T,T,T
1607375,A,A,T,A,A,A,A,A,T,A,T,T,A,-,A,A,A,A,A
1607376,C,C,T,C,C,C,C,C,T,C,T,T,C,-,C,C,C,C,C
1607381,C,C,A,C,C,C,C,C,A,C,A,A,C,-,C,C,C,C,C
1607384,A,A,T,A,A,A,A,A,T,A,T,T,A,-,A,A,A,A,A
1607386,C,C,T,C,C,C,C,C,T,C,T,T,C,-,C,C,C,C,C
1607389,T,T,C,T,T,T,T,T,C,T,C,C,T,-,T,T,T,T,T
1607405,G,G,A,G,G,G,G,G,A,G,A,A,G,-,G,G,G,G,G
1607408,G,G,A,G,G,G,G,G,A,G,A,A,G,-,G,G,G,G,G
1607411,A,A,G,A,A,A,A,A,G,A,G,-,A,-,A,A,A,A,A
1607414,G,G,T,G,G,G,G,G,T,G,T,T,G,-,G,G,G,G,G
1607418,T,T,C,T,T,T,T,T,C,T,C,-,T,-,T,T,T,T,T
1607423,T,T,A,T,T,T,T,T,A,T,A,-,T,-,T,T,T,T,T
1608016,A,C,-,C,C,C,C,C,-,C,-,-,C,-,C,C,A,C,C
1655888,G,G,G,G,T,G,T,T,G,G,G,G,T,G,G,G,G,G,G
1721381,A,A,A,A,T,A,A,A,A,A,A,A,A,A,A,A,A,A,A
1725519,G,G,G,G,T,G,T,T,T,G,G,G,T,G,T,G,G,G,G
1730397,G,G,G,G,G,G,G,G,T,G,G,G,G,G,G,G,G,G,G
1754995,G,G,G,G,G,G,G,G,G,G,G,G,G,G,G,G,G,T,G
1773964,A,A,A,A,A,A,A,A,T,A,A,A,A,A,A,A,A,A,A
1814237,G,G,G,T,G,G,G,G,G,G,G,G,G,G,G,G,G,G,G
1930109,G,G,G,G,G,T,G,G,G,G,G,G,G,G,G,G,G,G,G
2012597,G,G,G,G,G,G,G,G,G,G,G,G,G,G,G,G,G,T,G
2018493,G,G,G,G,G,G,G,G,T,G,G,G,G,G,G,G,G,G,G
2046824,G,G,G,G,G,G,G,G,G,G,G,G,G,G,T,G,G,G,G
2115373,C,C,A,C,C,C,C,C,C,C,A,A,C,A,C,C,C,C,C
2137691,G,G,G,G,G,G,T,T,G,G,G,G,T,G,G,G,G,G,G
2160827,T,G,G,G,G,G,G,G,G,G,G,G,G,G,G,G,T,G,G
2162865,C,C,A,C,C,C,C,C,C,C,A,A,C,A,C,C,C,C,C
2189167,G,G,G,G,G,G,G,G,T,G,G,G,G,G,G,G,G,G,G
2248325,C,C,C,C,C,C,A,A,C,C,C,C,A,C,C,C,C,C,C
2282684,C,T,T,T,T,C,T,T,T,C,T,T,T,T,T,T,C,T,C
2303309,G,G,G,G,G,T,G,G,G,G,G,G,G,G,G,G,G,G,G
2315246,G,G,G,G,G,T,G,G,G,G,G,G,G,G,G,G,G,G,G
2469027,C,C,C,C,C,C,C,C,C,C,C,C,C,C,A,C,C,C,C
2483959,C,C,C,C,C,A,C,C,C,C,C,C,C,C,C,C,C,C,C
2558802,G,G,G,G,G,G,G,T,G,G,G,G,G,G,G,G,G,G,G
2628409,C,C,C,C,C,C,C,C,C,C,C,C,C,C,A,C,C,C,C
2666899,T,G,G,G,G,G,G,G,G,G,G,G,G,G,G,G,T,G,G
2740308,C,C,C,C,A,C,A,A,A,C,C,C,A,C,C,C,C,C,C
2801288,A,C,C,C,C,C,C,C,C,C,C,C,C,C,C,C,A,C,C
2843870,A,C,C,C,C,A,C,C,C,A,C,C,C,C,C,C,A,C,A
2884242,G,T,G,G,G,G,G,G,G,G,G,G,G,G,G,G,G,G,G
2884665,G,G,G,G,G,G,G,G,T,G,G,G,G,G,G,G,G,G,G
2997882,G,G,G,G,G,G,G,G,T,G,G,G,G,G,G,G,G,G,G
3006840,C,C,C,C,C,C,C,C,C,C,C,C,C,C,C,C,C,C,A
3077797,C,A,A,A,A,C,A,A,A,C,A,A,A,A,A,A,C,A,C
3105134,G,G,G,G,G,G,G,G,G,G,G,G,G,G,G,G,G,T,G
3111630,C,C,C,C,C,C,C,C,C,C,C,C,C,C,C,A,C,C,C
3131451,T,G,G,G,G,G,G,G,G,G,G,G,G,G,G,G,T,G,G
3132506,T,G,G,G,G,G,G,G,G,G,G,G,G,G,G,G,T,G,G
3144785,G,G,T,G,G,G,G,G,G,G,T,T,G,T,G,G,G,G,G
3276211,G,G,G,G,G,G,G,G,G,G,G,G,G,G,G,G,G,T,G
3276304,T,G,G,G,G,G,G,G,G,G,G,G,G,G,G,G,T,G,G
3414357,G,G,T,G,G,G,G,G,G,G,T,T,G,T,G,G,G,G,G
3415003,G,T,G,T,G,G,G,G,G,G,G,G,G,G,G,T,G,T,G
3420313,G,G,G,G,G,G,G,G,T,G,G,G,G,G,G,G,G,G,G
3451983,A,C,C,C,C,C,C,C,C,C,C,C,C,C,C,C,A,C,C
3469148,G,G,G,G,G,G,G,G,G,G,G,G,G,G,T,G,G,G,G
3497693,C,C,C,C,A,C,A,A,C,C,C,C,A,C,C,C,C,C,C
3498073,G,G,G,G,G,T,G,G,G,T,G,G,G,G,G,G,G,G,T
3498173,G,G,G,G,G,G,G,G,G,G,G,G,G,G,T,G,G,G,G
3498211,G,T,G,T,G,G,G,G,G,G,G,G,G,G,G,T,G,T,G
3501415,T,G,G,G,G,G,G,G,G,G,G,G,G,G,G,G,G,G,G
3501421,C,T,T,T,T,T,T,T,T,T,T,T,T,T,T,T,T,T,T
3516407,G,G,G,G,G,G,G,G,G,G,G,G,G,G,G,G,G,G,T
3520299,C,A,A,A,A,A,A,A,A,A,A,A,A,A,A,A,C,A,A
3534939,G,G,T,G,G,G,G,G,G,G,T,T,G,T,G,G,G,G,G
3544002,G,G,G,G,T,G,T,T,G,G,G,G,T,G,G,G,G,G,G
3544323,G,G,G,G,G,G,G,G,T,G,G,G,G,G,G,G,G,G,G
3545054,G,T,G,T,G,G,G,G,G,G,G,G,G,G,G,T,G,T,G
3545129,G,G,G,G,G,G,G,G,G,T,G,G,G,G,G,G,G,G,T
3571821,G,T,G,T,G,G,G,G,G,G,G,G,G,G,G,T,G,T,G
3576804,G,G,G,G,T,G,G,G,G,G,G,G,G,G,G,G,G,G,G
3582199,G,G,G,G,G,T,G,G,G,G,G,G,G,G,G,G,G,G,G
3587236,C,C,C,C,C,C,C,C,C,A,C,C,C,C,C,C,C,C,C
3644865,T,T,A,T,T,T,T,T,T,T,A,A,T,A,T,T,T,T,T
3692176,C,C,C,C,C,C,C,C,A,C,C,C,C,C,C,C,C,C,C
3773414,C,C,C,C,C,C,C,C,A,C,C,C,C,C,C,C,C,C,C
3780459,C,C,A,C,C,C,C,C,C,C,A,A,C,A,C,C,C,C,C
3791158,G,G,G,G,G,G,G,G,T,G,G,G,G,G,G,G,G,G,G
3834122,G,G,T,G,G,G,G,G,G,G,T,T,G,T,G,G,G,G,G
3900905,C,C,C,C,C,A,C,C,C,C,C,C,C,C,C,C,C,C,C
