Pos,Ref,SRR3240403,SRR3240404,SRR3240405,SRR3240406,SRR3240407,SRR3240408,SRR3240409,SRR3240410,SRR3240411,SRR3240412,SRR3240413,SRR3240414,SRR3240397,SRR3240398,SRR3240399,SRR3240400,SRR3240401,SRR3240402
11624,T,T,A,T,T,T,T,T,T,T,T,T,T,T,T,T,T,T,T
30599,C,C,C,C,C,C,C,C,C,C,C,A,C,C,C,C,C,C,C
55191,C,C,A,C,C,C,C,C,C,C,C,C,C,C,C,C,C,C,C
60069,C,A,A,C,C,C,A,C,A,C,C,C,C,C,C,C,A,C,A
64206,T,T,T,T,T,T,T,T,T,T,T,T,T,T,T,T,A,T,T
76630,C,-,-,-,-,-,-,-,-,G,A,-,-,-,-,-,C,-,-
76631,T,-,-,-,-,-,-,-,-,T,C,-,-,-,-,-,-,-,-
76646,G,-,-,-,-,-,-,A,-,G,A,-,-,-,-,-,-,-,-
76647,C,-,-,-,-,-,-,A,-,C,A,-,-,-,-,-,-,-,-
76653,T,-,-,-,-,-,-,A,-,T,A,-,-,-,-,-,-,-,-
76657,A,-,-,-,-,-,-,G,-,A,G,-,-,-,-,-,-,-,-
76689,A,-,-,-,-,-,-,-,-,A,C,-,-,-,-,-,-,-,-
76695,G,-,-,-,-,-,-,A,-,G,A,A,-,-,-,G,-,-,-
76697,A,-,-,-,-,-,-,-,-,A,T,-,-,-,-,-,-,-,-
129682,C,A,C,C,C,C,A,C,C,C,C,C,C,C,C,C,A,C,A
157520,C,T,-,T,-,-,T,T,T,T,T,T,T,T,C,T,T,T,T
157781,G,G,-,G,-,-,G,-,G,G,T,G,G,G,-,G,G,G,G
158374,A,A,T,A,T,T,A,-,A,A,A,A,A,A,T,A,A,A,A
158379,A,A,G,A,G,G,A,-,A,A,A,A,A,A,G,A,A,A,A
158383,C,C,A,C,A,A,C,-,C,C,C,C,C,C,A,C,C,C,C
158386,T,T,C,T,C,C,T,-,T,T,T,T,T,T,C,T,T,T,T
158389,C,C,T,C,T,T,C,-,C,C,C,C,C,C,T,C,C,C,C
158392,C,C,T,C,T,T,C,-,C,C,C,C,C,C,T,C,C,C,C
158408,A,A,G,A,G,G,A,-,A,A,A,A,A,A,G,A,A,A,A
158411,G,G,A,G,A,A,G,-,G,G,G,G,G,G,A,G,G,G,G
158413,T,T,A,T,A,A,T,-,T,T,T,T,T,T,A,T,T,T,T
158416,G,G,T,G,T,T,G,-,G,G,G,G,G,G,T,G,G,G,G
158421,G,G,A,G,A,A,G,-,G,G,G,G,G,G,A,G,G,G,G
158422,T,T,A,T,A,A,T,-,T,T,T,T,T,T,A,T,T,T,T
158428,A,A,G,A,G,G,A,-,A,A,A,A,A,A,G,A,A,A,A
158443,C,C,T,C,T,T,C,-,C,C,C,C,C,C,T,C,C,C,C
158447,T,T,G,T,G,G,T,-,T,T,T,T,T,T,G,T,T,T,T
158449,G,G,A,G,A,A,G,-,G,G,G,G,G,G,A,G,G,G,G
158450,G,G,C,G,C,C,G,-,G,G,G,G,G,G,C,G,G,G,G
158452,C,C,A,C,A,A,C,-,C,C,C,C,C,C,A,C,C,C,C
158457,C,C,T,C,T,T,C,-,C,C,C,C,C,C,T,C,C,C,C
158460,C,C,G,C,G,G,C,-,C,C,C,C,C,C,G,C,C,C,C
158465,T,T,A,T,A,A,T,-,T,T,T,T,T,T,A,T,T,T,T
158467,G,G,C,G,C,C,G,-,G,G,G,G,G,G,C,G,G,G,G
158471,G,G,A,G,A,A,G,-,G,G,G,G,G,G,A,G,G,G,G
158472,C,C,G,C,G,G,C,-,C,C,C,C,C,C,G,C,C,C,C
158473,A,A,T,A,T,T,A,-,A,A,A,A,A,A,T,A,A,A,A
158482,T,T,G,T,G,G,T,-,T,T,T,T,T,T,G,T,T,T,T
158497,T,T,C,T,C,C,T,-,T,T,T,T,T,T,C,T,T,T,T
158605,C,T,-,T,-,-,T,C,T,T,T,T,T,T,-,T,T,T,T
158699,C,C,-,C,A,A,C,A,C,C,C,C,C,C,A,C,C,C,C
158701,G,G,-,G,A,A,G,A,G,G,G,G,G,G,A,G,G,G,G
158704,A,A,-,A,G,G,A,G,A,A,A,A,A,A,G,A,A,A,A
214956,C,A,A,C,A,A,A,A,A,A,C,A,C,A,A,A,A,C,A
275623,A,T,-,-,-,-,-,A,-,T,-,-,-,-,T,-,T,-,-
316929,G,G,T,G,G,G,G,G,G,G,G,G,G,G,G,G,G,G,G
325887,C,C,C,C,C,C,C,C,C,C,C,C,A,C,C,C,C,C,C
340176,T,G,-,G,G,G,-,-,G,-,G,G,G,T,G,G,G,G,G
340177,G,T,-,T,T,T,-,-,-,T,-,T,T,G,T,-,T,T,T
345789,A,G,A,A,G,G,A,G,-,G,G,-,G,G,-,G,-,-,-
399640,C,A,A,C,A,A,A,A,A,A,C,A,C,A,A,A,A,C,A
425565,G,G,G,G,G,G,G,G,G,G,G,T,G,G,G,G,G,G,G
430113,A,-,-,A,C,C,-,C,C,C,C,C,C,C,C,C,C,C,C
430318,C,A,-,-,T,C,A,A,A,A,A,A,-,A,A,A,A,C,A
432048,C,C,C,C,C,C,C,C,C,A,C,C,C,C,C,C,C,C,C
451867,G,G,G,G,G,G,G,G,G,G,T,G,G,G,G,G,G,G,G
452922,G,G,G,G,G,G,G,G,G,G,T,G,G,G,G,G,G,G,G
455539,A,G,A,-,-,-,G,-,G,G,G,-,G,-,G,-,G,G,-
465208,G,G,G,G,T,T,G,T,G,G,G,G,G,G,T,G,G,G,G
504444,C,C,C,C,C,C,C,C,C,C,C,C,C,C,C,C,A,C,C
528673,C,C,C,C,C,C,C,C,C,A,C,C,C,C,C,C,C,C,C
546359,C,-,T,T,T,T,T,T,-,T,T,T,T,C,-,T,-,-,-
726238,G,G,G,G,G,G,G,G,G,G,G,T,G,G,G,G,G,G,G
726331,G,G,G,G,G,G,G,G,G,G,T,G,G,G,G,G,G,G,G
769092,G,-,-,-,-,G,A,-,A,A,A,A,A,A,A,A,A,A,A
863651,G,G,G,G,T,T,G,T,G,G,G,G,G,G,T,G,G,G,G
864297,G,G,G,G,G,G,G,G,G,T,G,T,G,T,G,T,G,G,G
869608,G,G,T,G,G,G,G,G,G,G,G,G,G,G,G,G,G,G,G
886171,T,G,T,G,G,G,G,G,G,G,G,G,G,G,G,-,G,G,G
886177,C,T,C,T,T,-,-,T,T,T,T,T,T,T,T,-,T,T,-
886182,A,G,A,G,G,A,-,G,G,G,G,G,G,G,G,-,G,G,-
906577,G,G,G,G,T,T,G,T,G,G,G,G,G,G,T,G,G,G,G
926904,A,A,A,A,C,C,A,C,A,A,A,A,A,A,C,A,A,A,A
927662,A,G,G,G,-,G,G,A,G,G,G,G,G,G,-,G,G,G,G
930880,T,G,G,G,-,-,G,-,G,G,G,G,G,G,T,G,G,G,G
931770,A,G,G,G,-,-,G,-,G,G,G,G,G,G,A,G,G,G,G
932883,G,A,A,A,G,-,A,-,A,A,A,A,A,A,G,A,A,A,A
934614,C,A,A,A,C,-,A,-,A,A,A,A,A,A,-,A,A,A,A
934827,T,C,C,C,T,T,C,-,C,C,C,C,C,C,-,C,C,C,C
944437,C,T,T,T,-,-,T,C,T,T,T,T,T,T,-,T,T,T,T
944442,T,C,C,C,-,-,C,T,C,C,C,C,C,C,-,C,C,C,C
944542,G,A,A,A,-,-,A,G,A,A,A,A,A,A,-,A,A,A,A
944566,T,G,G,G,-,-,G,T,G,G,G,G,G,G,-,G,G,G,G
944583,T,C,C,C,-,-,C,T,C,C,C,C,C,C,-,C,C,C,C
944584,T,A,A,A,-,-,A,T,A,A,A,A,A,A,-,A,A,A,A
944587,C,G,G,G,-,-,G,C,G,G,G,G,G,G,-,G,G,G,G
946580,A,G,G,G,-,A,G,-,G,G,G,G,G,G,-,G,G,G,G
947676,A,G,G,G,-,-,G,A,G,G,G,G,G,G,-,G,G,G,G
951862,G,G,G,G,-,-,G,-,G,G,G,G,G,G,-,G,G,T,G
962440,T,C,C,C,-,T,C,-,C,C,C,C,C,C,-,C,C,C,C
967624,C,T,T,T,C,-,T,-,T,T,T,T,T,T,-,T,T,T,T
967632,C,T,T,T,C,-,T,-,T,T,T,T,T,T,-,T,T,T,T
967652,T,C,C,C,T,-,C,-,C,C,C,C,C,C,-,C,C,C,C
967719,G,A,A,A,-,-,A,G,A,A,A,A,A,A,-,A,A,A,A
974822,C,T,T,T,-,-,T,-,-,T,T,T,C,T,-,T,T,T,T
975262,A,G,G,G,-,-,-,-,G,G,G,G,-,A,-,G,G,G,G
980618,G,T,G,G,-,-,T,-,G,G,G,G,G,G,-,G,T,G,T
985707,G,T,G,G,-,-,T,-,G,G,G,G,G,G,-,G,T,G,T
991374,G,A,A,A,-,-,A,-,A,A,A,A,A,A,G,A,A,A,A
992416,C,T,T,T,C,-,T,-,T,T,T,T,T,T,-,T,T,T,T
1015327,C,C,C,C,C,C,C,C,C,A,C,C,C,C,C,C,C,C,C
1046803,G,G,G,G,G,G,G,G,G,G,G,G,G,G,G,G,T,G,G
1068107,C,-,-,-,-,-,-,C,-,T,T,T,-,-,-,-,T,-,-
1068108,A,-,-,-,-,-,-,A,-,G,G,G,-,-,-,-,G,-,-
1106214,C,C,C,C,C,C,C,C,C,A,C,C,C,C,C,C,C,C,C
1154348,A,-,-,-,-,-,-,-,C,A,C,-,-,-,-,-,-,-,-
1204707,A,-,-,-,G,G,A,G,G,G,G,G,G,G,G,-,G,G,G
1267039,C,-,A,A,-,-,-,-,A,-,A,-,A,A,-,T,C,-,-
1320419,G,G,G,G,G,G,G,G,G,G,T,G,G,G,G,G,G,G,G
1331170,T,-,A,-,-,-,-,-,A,A,A,-,T,A,-,-,-,-,-
1331180,T,-,-,-,-,-,-,-,T,-,-,-,T,G,-,-,-,-,-
1331268,C,C,G,G,G,G,G,C,G,G,G,G,G,G,G,G,G,G,G
1352896,G,G,T,G,G,G,G,G,G,G,G,G,G,G,G,G,G,G,G
1400401,T,T,T,-,-,G,-,G,G,G,G,G,G,G,G,G,G,G,-
1417492,C,C,C,C,C,C,C,C,C,C,C,C,A,C,C,C,C,C,C
1479597,C,C,C,A,C,C,C,C,C,C,C,C,C,C,C,C,C,C,C
1488023,C,C,C,C,C,C,C,C,C,C,C,C,C,C,C,C,C,C,T
1491563,C,C,C,C,C,C,C,A,C,C,C,C,C,C,C,C,C,C,C
1778249,C,C,C,C,C,C,C,C,C,C,A,C,C,C,C,C,C,C,C
1808805,G,G,G,G,G,G,G,G,G,G,G,G,G,G,G,G,G,T,G
1815673,G,A,-,-,A,A,G,A,A,A,A,A,A,A,-,A,-,-,A
1924426,C,-,T,T,T,C,T,-,T,-,T,T,T,T,T,T,-,T,T
1947170,C,C,A,C,C,C,C,C,C,C,C,C,C,C,C,C,C,C,C
1991417,T,-,-,-,-,-,C,-,T,-,-,-,-,-,-,-,-,-,-
1999599,G,G,G,G,G,G,G,G,G,G,G,G,G,C,G,G,G,G,G
2050301,G,G,G,G,G,G,G,G,G,G,G,G,G,G,G,G,T,G,G
2139476,C,C,A,C,C,C,C,C,C,C,C,C,C,C,C,C,C,C,C
2143418,C,C,C,C,T,T,C,T,C,C,C,C,C,C,T,C,C,C,C
2187289,T,-,-,-,T,G,G,-,-,G,G,T,G,-,T,-,G,G,-
2262375,C,C,C,C,A,A,C,A,C,C,C,C,C,C,A,C,C,C,C
2287213,A,A,A,A,G,G,A,G,A,A,A,A,A,A,G,A,A,A,A
2294280,G,G,G,G,G,G,G,G,G,G,G,G,G,G,G,T,G,G,G
2296717,T,-,G,-,-,-,-,T,G,G,G,-,-,G,-,-,-,-,-
2328191,C,C,C,A,C,C,C,C,C,C,C,C,A,C,C,C,C,A,C
2365258,T,C,C,G,T,G,G,G,T,T,G,T,T,T,T,T,T,T,T
2367321,G,-,-,-,C,-,C,C,-,C,C,C,C,C,A,C,-,C,C
2428370,G,G,G,G,T,T,G,T,G,G,G,G,G,G,T,G,G,G,G
2431384,G,G,G,G,G,G,G,G,G,G,A,G,G,G,G,G,G,G,G
2437316,G,G,G,G,G,G,G,G,G,G,T,G,G,G,G,G,G,G,G
2479456,T,-,-,-,-,-,-,-,T,A,A,A,A,-,-,-,-,T,-
2479457,A,-,-,-,-,-,-,-,A,C,C,C,C,-,-,-,-,C,-
2497590,G,G,G,G,G,G,G,G,G,T,G,G,G,G,G,G,G,G,G
2499384,G,-,-,A,-,A,-,A,-,A,A,A,A,G,-,G,A,-,-
2601762,C,C,C,-,-,T,A,T,T,T,T,T,T,T,T,T,T,-,T
2625533,G,G,G,G,G,G,G,G,G,G,G,G,G,G,G,G,G,T,G
2637703,G,G,G,G,G,G,G,G,G,G,G,G,G,G,G,G,G,T,G
2683382,G,-,-,-,-,-,T,-,-,T,T,-,-,G,-,-,-,-,-
2683386,G,-,-,-,-,-,T,-,-,T,T,-,-,G,-,-,-,-,-
2683393,T,-,-,-,-,-,G,-,-,G,G,-,T,T,-,-,-,-,-
2683410,G,-,-,-,-,-,T,-,-,T,T,-,-,G,-,-,-,-,-
2700837,C,-,-,A,-,-,C,-,A,A,A,A,-,-,-,-,A,-,-
2704571,C,G,-,G,T,T,T,T,G,G,T,T,T,T,T,G,G,G,T
2718579,G,C,C,C,C,C,C,-,-,C,C,C,C,C,C,C,G,-,G
2722279,C,T,-,-,T,C,-,-,T,T,T,-,-,T,-,-,-,-,T
2722823,C,-,-,-,-,T,-,-,T,T,T,-,-,C,-,-,-,-,-
2737666,G,T,-,-,T,-,T,-,T,T,T,T,-,T,-,-,-,-,C
2737701,A,G,-,-,G,-,G,-,G,G,G,G,G,G,G,-,-,A,G
2737702,C,C,-,-,T,-,T,-,T,T,T,C,T,-,T,-,-,T,T
2737729,T,-,-,-,T,-,-,-,G,G,T,-,-,G,-,-,-,G,-
2737732,C,-,-,-,-,-,-,-,T,T,C,-,-,-,-,-,-,T,-
2737733,C,-,-,-,-,-,-,-,G,G,C,-,-,-,-,-,-,G,-
2737735,G,-,-,-,-,-,-,-,T,T,G,-,-,-,-,-,-,T,-
2737736,G,-,-,-,-,-,-,-,A,A,G,-,-,-,-,-,-,A,-
2737737,T,-,-,-,-,-,-,-,C,C,T,-,-,-,-,-,-,C,-
2737739,T,-,-,-,-,-,-,-,A,A,T,-,-,-,-,-,-,A,-
2737744,C,-,-,-,-,-,-,-,T,T,C,-,-,-,-,-,-,T,-
2737747,A,-,-,-,-,-,-,-,G,G,A,-,-,-,-,-,-,G,-
2737760,A,-,-,-,-,-,-,-,-,A,-,-,-,-,-,-,-,G,-
2784998,C,C,C,C,C,C,C,C,A,C,C,C,C,C,C,C,C,C,C
2799957,C,C,C,C,C,C,C,C,C,C,C,C,C,C,C,C,C,A,C
2875288,G,T,G,G,G,G,G,G,G,G,G,G,G,G,G,G,G,G,G
2876755,A,G,G,G,-,-,-,G,G,G,G,G,G,A,G,G,G,G,-
2878454,T,A,-,-,T,T,-,-,-,-,-,-,T,T,T,-,-,T,-
2947940,C,C,C,C,C,C,C,C,A,C,C,C,C,C,C,C,C,C,C
2958073,A,-,-,-,-,-,-,-,-,-,-,-,A,-,T,-,-,-,-
2986433,G,G,G,G,G,G,G,G,G,G,T,G,G,G,G,G,G,G,G
3062979,C,A,A,C,C,C,A,C,C,C,C,C,C,C,C,C,A,C,A
3127167,C,C,C,C,C,C,C,C,C,C,A,C,C,C,C,C,C,C,C
3157779,A,-,-,-,-,-,A,-,T,T,T,T,-,T,T,-,-,T,-
3157794,C,-,-,G,-,-,G,-,G,G,G,G,-,C,G,-,-,-,-
3166661,A,C,C,A,C,C,C,C,C,C,A,C,A,C,C,C,C,A,C
3204239,G,-,-,-,-,-,A,-,-,A,G,-,-,-,-,-,-,-,-
3210420,G,G,G,G,G,G,G,G,G,G,G,G,G,T,G,G,G,G,G
3210843,G,G,T,G,G,G,G,G,G,G,G,G,G,G,G,G,G,G,G
3248468,C,A,A,A,A,A,A,-,A,A,A,A,A,C,-,A,A,A,A
3286547,T,-,-,T,A,-,-,T,A,A,A,-,A,A,-,A,A,-,-
3286549,C,-,-,C,C,-,-,-,T,T,T,-,T,T,-,T,T,-,-
3286551,A,-,-,A,-,-,-,-,T,T,T,-,T,T,-,T,T,-,-
3291477,G,G,T,G,G,G,G,G,G,G,G,G,G,G,G,G,G,G,G
3341335,A,A,A,A,T,T,A,T,A,A,A,A,A,A,T,A,A,A,A
3423062,A,-,-,G,-,-,-,-,-,G,G,-,A,-,A,-,-,A,-
3470793,G,G,G,T,G,G,G,G,G,G,G,G,G,G,G,G,G,G,G
3475833,C,C,C,C,C,C,C,C,C,C,C,C,C,C,C,C,C,A,C
3481228,C,C,C,C,C,C,C,C,C,C,C,C,C,C,C,C,A,C,C
3486210,C,C,C,C,C,C,C,C,C,A,C,A,C,A,C,A,C,C,C
3511315,T,T,T,-,T,T,T,T,A,T,T,T,T,-,T,T,T,T,T
3512931,C,C,C,A,C,C,C,C,C,C,C,C,A,C,C,C,C,C,C
3513006,C,C,C,C,C,C,C,C,C,A,C,A,C,A,C,A,C,C,C
3513737,C,C,A,C,C,C,C,C,C,C,C,C,C,C,C,C,C,C,C
3514058,C,A,C,C,C,C,A,C,C,C,C,C,C,C,C,C,A,C,A
3524192,C,C,C,C,A,A,C,A,C,C,C,C,C,C,A,C,C,C,C
3540825,T,T,T,T,T,T,T,T,T,T,G,T,T,T,T,T,T,T,T
3542194,C,-,T,T,T,-,T,T,T,T,T,T,T,T,-,-,-,C,T
3542808,C,-,-,-,-,-,-,-,T,C,-,-,-,-,-,-,-,-,T
3544632,C,C,C,C,C,C,C,C,C,C,C,C,A,C,C,C,C,C,C
3562836,C,C,C,C,C,C,C,C,C,A,C,A,C,A,C,A,C,C,C
3562874,C,C,C,C,C,C,C,C,A,C,C,C,C,C,C,C,C,C,C
3562974,C,C,C,A,C,C,C,C,C,C,C,C,A,C,C,C,C,A,C
3563354,G,T,G,G,G,G,T,G,G,G,G,G,G,G,G,G,T,G,T
3591741,C,C,C,C,C,C,C,C,A,C,C,C,C,C,C,C,C,C,C
3608514,G,G,G,G,G,G,G,G,G,G,T,G,G,G,G,G,G,G,G
3613642,A,-,C,C,C,C,-,C,C,C,C,C,A,C,-,-,-,-,C
3651457,A,-,C,-,-,A,-,-,C,C,-,C,-,C,-,-,-,-,-
3653550,C,C,A,C,C,C,C,C,C,C,C,C,C,C,C,C,C,C,C
3660594,T,C,C,C,A,A,C,A,C,C,C,C,C,C,A,C,C,C,C
3671152,G,G,T,G,G,G,G,G,G,G,G,G,G,G,G,G,G,G,G
3692958,C,-,-,-,-,-,-,-,-,-,T,-,T,-,C,-,-,-,-
3729062,C,-,-,-,-,-,-,-,T,-,T,T,-,-,-,-,-,-,C
3767653,A,C,C,-,-,-,C,C,C,C,C,C,A,C,C,-,-,-,-
3768026,T,A,C,C,C,C,A,C,-,C,C,A,C,C,-,C,-,C,A
3768031,C,C,A,-,-,-,-,-,A,C,A,-,A,-,A,-,-,-,-
3788791,C,C,C,C,C,C,C,C,C,C,C,C,C,C,C,C,C,A,C
3805412,A,A,-,-,G,-,A,-,-,-,-,A,-,A,-,-,-,-,-
3815806,G,A,A,G,A,A,A,A,A,A,G,A,G,A,A,A,A,G,A
3845436,G,-,T,-,-,-,T,-,T,T,T,T,T,-,T,G,-,T,-
3849818,G,T,G,G,G,G,T,G,G,G,G,G,G,G,G,G,G,G,T
3908970,C,C,A,C,C,C,C,C,C,C,C,C,C,C,C,C,C,C,C
3915034,G,-,A,-,-,G,A,A,A,A,A,A,A,A,A,-,A,-,-
3927233,T,-,C,C,-,C,C,C,-,C,C,C,C,T,C,-,-,C,C
3935314,G,G,G,G,T,T,G,T,G,G,G,G,G,G,T,G,G,G,G
3937346,C,C,C,C,C,C,C,C,C,C,A,C,C,C,C,C,C,C,C
3943005,A,-,-,-,-,T,-,T,T,A,T,T,T,T,-,-,-,T,-
3943006,A,-,-,-,-,G,-,G,G,A,G,G,G,-,-,-,-,G,-
3943028,C,-,-,-,-,G,-,G,G,C,G,G,G,G,-,-,-,G,-
3943059,C,-,-,-,A,A,C,-,A,A,A,A,-,-,-,-,A,-,-
4016198,C,A,C,C,C,C,A,C,C,C,C,C,C,C,C,C,C,C,A
4038133,G,G,G,G,T,T,G,T,G,G,G,G,G,G,T,G,G,G,G
4057923,C,A,A,C,A,A,-,-,A,A,A,A,A,A,A,-,-,A,-
4103529,C,C,C,C,C,C,C,C,A,C,C,C,C,C,C,C,C,C,C
4120873,C,C,A,C,C,C,C,C,C,C,C,C,C,C,C,C,C,C,C
4126769,C,C,C,C,C,C,C,C,C,C,C,A,C,C,C,C,C,C,C
4209908,C,C,C,C,C,C,C,C,C,C,C,C,C,C,C,C,C,A,C
4275313,T,C,C,C,T,C,C,-,C,C,C,C,-,C,C,C,C,-,C
4335255,A,-,-,T,T,T,-,-,-,T,T,T,A,-,-,-,T,T,-
4337758,T,C,-,C,-,-,C,-,-,C,C,T,-,-,-,C,-,C,C
